,
Apples,Apples
Oranges,Oranges
Mangoes,Mangoes
Lemons,Lemons
Pears,Pears
Apricots,Apricots
Coconuts,Coconuts
Plum,Plum
Almond,Almond
Indian Gooseberry,Indian Gooseberry
Cherry,Cherry
Mulberry,Mulberry
Peach,Peach
Fig,Fig
Persimmon,Persimmon
Pomegranate,Pomegranate
Grapefruit,Grapefruit
Avocado,Avocado
Jaboticaba fruit,Jaboticaba fruit
Lemon,Lemon
Lime,Lime
Guava,Guava
Olive,Olive
Lychee,Lychee
Durian,Durian
Jackfruit,Jackfruit
Cashew,Cashew
Abiu,Abiu
Bael,Bael
Ber,Ber
Carambola,Carambola
Crab Apple,Crab Apple
Elderberry,Elderberry
Kumquat,Kumquat
Loquat,Loquat
Papaya,Papaya
Pecan,Pecan
Pomelo,Pomelo
Quince,Quince
Rambutan,Rambutan
Sapodilla,Sapodilla
Soursop,Soursop
Sweet Chestnut,Sweet Chestnut
Tamarillo,Tamarillo
Jamaican Tangelo,Jamaican Tangelo
Walnut,Walnut
